{"cameraMode":{"drawMode":0,"name":"Shaded","section":"Shading Mode"},"sceneLighting":true,"audioPlay":false,"sceneViewState":{"m_AlwaysRefresh":false,"showFog":true,"showSkybox":true,"showFlares":true,"showImageEffects":true,"showParticleSystems":true,"showVisualEffectGraphs":true,"m_FxEnabled":true},"in2DMode":false,"pivot":{"x":33.376346588134769,"y":14.185911178588868,"z":-23.22924041748047},"rotation":{"x":0.011624553240835667,"y":0.9883259534835815,"z":-0.1125689297914505,"w":0.10206060856580734},"size":33.40285110473633,"orthographic":false}