{"cameraMode":{"drawMode":0,"name":"Shaded","section":"Shading Mode"},"sceneLighting":true,"audioPlay":false,"sceneViewState":{"m_AlwaysRefresh":false,"showFog":true,"showSkybox":true,"showFlares":true,"showImageEffects":true,"showParticleSystems":true,"showVisualEffectGraphs":true,"m_FxEnabled":true},"in2DMode":false,"pivot":{"x":3.075230836868286,"y":0.7301750779151917,"z":-9.88379192352295},"rotation":{"x":0.07506850361824036,"y":0.10986114293336868,"z":-0.008322148583829403,"w":0.9910771250724793},"size":4.104829788208008,"orthographic":true}